chembl_id,label,pchembl,mw,clogp,prep_status,smiles
CHEMBL191336,active,,356.8,3.12,ok,OCCCNc1cc(-c2ncnc(Nc3cccc(Cl)c3)n2)ccn1
CHEMBL210765,active,,548.6,1.01,ok,CN1CCN(CCC(=O)NS(=O)(=O)c2ccc(Nc3nc(N)n(C(=O)c4c(F)cccc4F)n3)cc2)CC1
CHEMBL462192,active,,451.6,3.89,ok,Cc1ncc(-c2nc(Nc3ccc(C(=O)N4CCCN(C)CC4)cc3)ncc2F)n1C(C)C
CHEMBL565459,active,,413.5,3.99,ok,Cc1cnc(Nc2ccccc2)nc1-c1c[nH]c(C(=O)N[C@H](CO)c2ccccc2)c1
CHEMBL402548,active,,474.6,2.64,ok,CO[C@@H](C(=O)N1Cc2[nH]nc(NC(=O)c3ccc(N4CCN(C)CC4)cc3)c2C1)c1ccccc1
CHEMBL137357,active,,467.5,2.95,ok,NS(=O)(=O)c1ccc(N=Nc2c(O)[nH]c3ccc(C(=O)NCCCn4ccnc4)cc23)cc1
CHEMBL409104,active,,408.4,2.89,ok,NS(=O)(=O)c1ccc(N/N=C2\C(=O)Nc3cccc(Oc4ccccc4)c32)cc1
CHEMBL211514,active,,467.0,4.15,ok,Cc1ccc(Cl)c(N(CC#N)c2cc(Nc3ccc(OC[C@@H](O)CN(C)C)cc3)ncn2)c1
CHEMBL179599,active,,343.4,1.83,ok,NC(=O)c1nn(-c2ccc(C3=NCC=N3)cc2)c2c1ccc1[nH]ncc12
CHEMBL379218,active,,358.4,3.88,ok,Cc1n[nH]c2ccc(-c3cncc(OC[C@@H](N)Cc4ccccc4)c3)cc12
CHEMBL495557,active,,367.5,4.44,ok,CC(C)(C)c1cnc(CSc2cnc(NC3CCC(O)CC3)s2)o1
CHEMBL536029,active,,381.4,2.12,ok,COc1cc[nH]c1/C=C1\C(=O)Nc2ccc(F)c(C#CC3(O)CCNCC3)c21
CHEMBL193210,active,,337.4,2.92,ok,CC(C(=O)Nc1cc(C2CC2)[nH]n1)c1ccc(-n2ccnc2O)cc1
CHEMBL402759,active,,446.5,3.95,ok,O=C(Cc1ccc(-c2ccccc2)cc1)Nc1n[nH]c2ccc(N3CCCS3(=O)=O)cc12
CHEMBL364213,active,,324.4,4.60,ok,O=C(Nc1ncc(C2CCC2)s1)Nc1cccc2cnccc12
CHEMBL1081105,active,,411.4,5.41,ok,N[C@H](CCc1cc(-c2ccc3cnccc3c2)no1)Cc1ccc(C(F)(F)F)cc1
CHEMBL87735,active,,408.4,4.73,ok,NS(=O)(=O)c1ccc(N=Nc2c(O)[nH]c3cccc(Oc4ccccc4)c23)cc1
CHEMBL187903,active,,340.5,4.02,ok,Cc1cc2ncn(CC(=O)Nc3ncc(C4CCC4)s3)c2cc1C
CHEMBL258040,active,,453.6,3.27,ok,O=C(Cc1ccc(N2CCCCC2)cc1)Nc1n[nH]c2ccc(N3CCCS3(=O)=O)cc12
CHEMBL456963,active,,348.4,3.00,ok,O=C(NC1CCCCC1)c1n[nH]cc1NC(=O)c1c(F)cccc1F
CHEMBL186510,active,,261.4,3.91,ok,CC(C)c1cnc(NC(=O)Nc2ccccc2)s1
CHEMBL140808,active,,418.5,3.79,ok,CN1CCN(c2ccc(Nc3ncc4ccc(=O)n(C5CCCCC5)c4n3)cc2)CC1
CHEMBL186898,active,,312.4,3.47,ok,O=C(Cc1ccc2[nH]cnc2c1)Nc1ncc(C2CCC2)s1
CHEMBL1094820,active,,411.5,3.56,ok,Cn1nc(C(N)=O)c2c1-c1nc(Nc3ccccc3Nc3ccccc3)ncc1CC2
CHEMBL191865,active,,352.4,3.55,ok,CC(C(=O)Nc1cc(C2CC2)[nH]n1)c1ccc(N2CCCCC2=O)cc1
CHEMBL183941,active,,429.8,4.45,ok,Nc1nc2ccc(C(=O)c3c(F)cccc3Cl)cn2c1C(=O)c1c(F)cccc1F
CHEMBL319103,active,,469.5,3.27,ok,NS(=O)(=O)c1ccc(Nc2cc(-c3cccc(NS(=O)(=O)c4ccccc4)c3)[nH]n2)cc1
CHEMBL186952,active,,383.4,3.72,ok,Nc1nc2ccc(C(=O)c3c(F)cccc3F)cn2c1C(=O)c1cccs1
CHEMBL515839,active,,441.6,3.93,ok,Cc1ncc(-c2ccnc(Nc3ccc(S(=O)(=O)CC4CCCO4)cc3)n2)n1C(C)C
CHEMBL307808,active,,532.7,4.61,ok,COCCNS(=O)(=O)c1ccc(Nc2nccc(-c3cnc4ccc(Sc5ccccc5)cn34)n2)cc1
CHEMBL311464,active,,327.4,3.59,ok,NCCSc1cc(-c2ccc[nH]2)c2c3c(ccc(F)c13)NC2=O
CHEMBL294884,active,,372.4,0.70,ok,CNS(=O)(=O)c1ccc2c(c1)/C(=C/c1[nH]cc3c1CCNC3=O)C(=O)N2
CHEMBL76872,active,,331.4,2.92,ok,CCCCOc1c2cnnc-2[nH]cc1S(=O)(=O)c1ccccc1
CHEMBL186470,active,,343.5,4.51,ok,Cc1nc2ccc(CC(=O)Nc3ncc(C4CCC4)s3)cc2s1
CHEMBL356034,active,,369.5,3.45,ok,NC1CCC(Nc2nc(NCC3CC3)c3ncn(C4CCCC4)c3n2)CC1
CHEMBL295136,active,,311.4,3.68,ok,CC(=O)Nc1ncc(SCc2ncc(C(C)(C)C)o2)s1
CHEMBL1080893,active,,398.9,4.03,ok,Cc1n[nH]c2ccc(-c3nnc(NC[C@@H](N)Cc4cccc(Cl)c4)s3)cc12
CHEMBL270687,active,,269.3,2.39,ok,CCCOc1ccnc2[nH]cc(-c3ccnc(N)n3)c12
CHEMBL147122,active,,388.4,3.08,ok,CC(=O)Nc1cccc2c1C(=O)c1c(-c3ccc(N4CCOCC4)cc3)n[nH]c1-2
CHEMBL301515,active,,355.4,3.24,ok,Cn1cc(C2=C(c3cn(C)c4ccccc34)C(=O)NC2=O)c2ccccc21
CHEMBL183950,active,,468.5,4.15,ok,COc1ccc(-c2[nH]nc3c2C(=O)c2c(NC(=O)NNC(=O)Nc4ccccc4)cccc2-3)cc1
CHEMBL411887,active,,396.4,2.78,ok,C/C(Nc1ccc(S(N)(=O)=O)cc1)=C1/C(=O)Nc2ccc(-c3cnco3)cc21
CHEMBL315486,active,,421.5,4.12,ok,NS(=O)(=O)c1ccc(N=Nc2c(O)[nH]c3cccc(CCc4ccncc4)c23)cc1
CHEMBL526110,active,,333.3,2.84,ok,O=[N+]([O-])c1cccc(Nc2nccc(-c3cnn4ncccc34)n2)c1
CHEMBL85667,active,,448.5,5.03,ok,O=S(=O)(Nc1ccccc1)c1ccc(/N=C/c2c(O)[nH]c3ccc4ncsc4c23)cc1
CHEMBL310840,active,,345.3,3.91,ok,CCCCOc1c(C(=O)c2c(F)cc(C)cc2F)c[nH]c2nncc1-2
CHEMBL515001,active,,396.5,3.95,ok,Cc1ncc(-c2nc(Nc3ccc(N4CCOCC4)cc3)ncc2F)n1C(C)C
CHEMBL321517,active,,329.4,2.05,ok,Nc1ccc(-c2cc(Nc3ccc(S(N)(=O)=O)cc3)[nH]n2)cc1
CHEMBL476577,active,,423.5,3.44,ok,CC(=O)NC1CN(c2ccc(Nc3ncc(F)c(-c4cnc(C)n4C(C)C)n3)cc2)C1
CHEMBL148580,active,,459.5,1.75,ok,COc1ccc(-c2[nH]nc3c2C(=O)c2c(NC(=O)CN4CCN(C(=N)N)CC4)cccc2-3)cc1
CHEMBL300936,active,,490.7,3.34,ok,CC(C)(C)c1cnc(CSc2cnc(NC(=O)Cc3ccc(CNC(CO)CO)cc3)s2)o1
CHEMBL378584,active,,285.3,0.99,ok,NC(=O)N1Cc2n[nH]c(NC(=O)Cc3ccccc3)c2C1
CHEMBL430434,active,,450.5,3.26,ok,NS(=O)(=O)c1ccc(N=Nc2c(O)[nH]c3ccc(C(=O)NCc4cccnc4)cc23)cc1
CHEMBL186708,active,,360.4,3.09,ok,c1cnn2ncc(-c3ccnc(Nc4ccc5c(c4)OCCCO5)n3)c2c1
CHEMBL188102,active,,437.7,4.55,ok,CCc1nn(-c2c(Cl)cc(Cl)cc2Cl)c2nc(CCc3c[nH]cn3)nc(O)c12
CHEMBL178408,active,,357.4,0.86,ok,CS(=O)(=O)c1ccc(-n2nc(C(N)=O)c3c2-c2c[nH]nc2CC3)cc1
CHEMBL281948,active,,467.5,3.66,ok,COC(=O)[C@@]1(O)C[C@H]2O[C@]1(C)n1c3ccccc3c3c4c(c5c6ccccc6n2c5c31)C(=O)NC4
CHEMBL180903,active,,565.4,5.73,ok,O=C(NS(=O)(=O)c1ccc(Nc2cn3cc(C(=O)c4c(Cl)cccc4Cl)ccc3n2)cc1)c1ccccc1
CHEMBL380280,active,,354.4,2.13,ok,C[C@H](C(=O)Nc1cc(C2CC2)n[nH]1)c1ccc(N2CC[C@@H](O)C2=O)cc1
CHEMBL360480,active,,362.4,1.84,ok,NC(=O)c1nn(-c2ccc(N3CCOCC3)cc2)c2c1ccc1[nH]ncc12
C07688360,decoy,,384.8,2.10,ok,CN(C(=O)c1ccc(Cl)cc1)c1c(N)n(Cc2ccccc2)c(=O)[nH]c1=O
C38853510,decoy,,440.9,3.94,ok,CC(C)(C)c1ccc2c(c1)N(S(C)(=O)=O)C[C@H](C(=O)Nc1ccc(F)c(Cl)c1)O2
C13591794,decoy,,454.5,3.90,ok,O=C(c1ccncc1)[C@@H]1[C@@H](c2cccc([N+](=O)[O-])c2)[C@@H]2CCCN2[C@@]12C(=O)Nc1ccccc12
C12376943,decoy,,420.4,3.78,ok,Nc1nonc1NC(=O)c1sc2nc(-c3ccccc3)cc(C(F)(F)F)c2c1N
C59513428,decoy,,474.2,3.27,ok,C=CCn1c(SCC(=O)Nc2cc(Br)cc(Br)c2)nc(N)cc1=O
C14253253,decoy,,458.5,1.89,ok,C[C@]1(c2ccc3ccccc3c2)NC(=O)N(CC(=O)N2C[C@@H](C(N)=O)Oc3ccccc32)C1=O
C44453343,decoy,,448.6,3.30,ok,CC(C)=NNC(=O)c1ccsc1NC(=O)c1ccc(S(=O)(=O)N2CCCCC2)cc1
C03205610,decoy,,347.3,4.56,ok,Cc1ccc([C@@H](NC(=O)N2CCCCCC2)C(Cl)Cl)cc1F
C01460991,decoy,,524.6,5.72,ok,COc1ccc([C@@H]2CC(=O)C3=C(C2)NC(C)=C(C(=O)Nc2ccccc2C)[C@@H]3c2cccc(O)c2)cc1OC
C14655137,decoy,,384.4,2.18,ok,CCCCn1c(N)c(N(C)C(=O)Cc2coc3cc(C)ccc23)c(=O)[nH]c1=O
C29494406,decoy,,365.5,0.71,ok,CCC/[NH+]=C(\N)SCC(=O)N(CCC)CC(=O)Nc1ccccc1C
C24583851,decoy,,421.5,3.41,ok,CC(C)(C)c1ccc(O)c(NC(=O)CN2C(=O)N[C@@]3(CCCc4ccccc43)C2=O)c1
C10035286,decoy,,465.6,4.20,ok,CC1=NN=C2OC(N)=C(C#N)[C@@]3(C(=O)N4c5c(cc(C)cc53)[C@](C)(c3ccccc3)CC4(C)C)[C@@H]12
C65580479,decoy,,347.4,2.89,ok,CCCC[C@@H](NC(N)=O)C(=O)Nc1ccc2c(c1)OC1(CCCC1)O2
C02380145,decoy,,446.8,3.93,ok,Cc1ccc(N2C(=O)[C@@]([N-]S(=O)(=O)c3ccc(Cl)cc3)(C(F)(F)F)N=C2O)cc1
C49683742,decoy,,311.4,3.67,ok,Cc1ccc(-c2nnc(C(=O)NCCC3=CCCCC3)o2)cc1
C36012598,decoy,,464.4,2.95,ok,COc1cc(/C=N\NC(=O)CNC(=O)C23CC4CC(CC(C4)C2)C3)cc(Br)c1O
C20834814,decoy,,325.8,3.50,ok,CC[C@H](C)Sc1nnc(N/N=C/c2cc(Cl)ccc2O)[nH]1
C37115624,decoy,,328.4,2.04,ok,Cc1cnc([N-]S(=O)(=O)c2ccc(NN)c([N+](=O)[O-])c2)s1
C00452036,decoy,,282.4,1.04,ok,Cc1ccc(N(CC(=O)NC2CC2)S(C)(=O)=O)cc1
C61212218,decoy,,395.5,3.09,ok,CC(C)(C)OC(=O)Nc1ccc(C(=O)N2Cc3ccccc3C[C@H]2C(N)=O)cc1
C13638939,decoy,,447.4,4.96,ok,CCCNS(=O)(=O)c1ccc2c(c1)[C@@H]1C=CC[C@H]1[C@H](c1ccc(Br)cc1)N2
C40779909,decoy,,406.7,4.71,ok,Cc1cc(Oc2ncnc(Nc3ccc(Br)cn3)c2N)ccc1Cl
C34901516,decoy,,323.4,3.54,ok,Cc1cc(C)c(-c2cc(C(=O)NCc3ccco3)nn2C)c(C)c1
C40724196,decoy,,269.3,2.34,ok,Nc1ncnc(Sc2cccc3cccnc23)c1N
C36977060,decoy,,356.2,0.95,ok,O=C1NCCCC[C@H]1[NH2+]Cc1cc(Br)c2c(c1)OCCO2
C20527535,decoy,,414.9,3.82,ok,C=CCc1cccc(/C=N/Nc2nnc(SCc3ccc(Cl)cc3)n2N)c1O
C41006349,decoy,,528.6,5.25,ok,COc1ccccc1[C@H]1[C@@H](C(=O)Nc2ccc(C)cc2C)C(=O)C[C@](C)(O)[C@H]1C(=O)Nc1ccc(C)cc1C
C08937514,decoy,,486.6,3.34,ok,O=C(COC(=O)c1ccc2ncsc2c1)Nc1cccc(S(=O)(=O)/N=C2\CCCCCN2)c1
C09279924,decoy,,531.7,4.44,ok,CCOc1ccc2c(c1)s/c(=N\C(=O)c1ccc(S(=O)(=O)N3CCCC[C@H]3CC)cc1)n2CCOC
C33123095,decoy,,466.6,4.27,ok,Cc1cc(C)c(NS(=O)(=O)c2cc(-c3c(C)nn4c3NC(=O)CCC4=O)ccc2C)c(C)c1
C00997488,decoy,,404.5,5.25,ok,CCOc1ccc([C@H]2C3=C(CC(C)(C)CC3=O)Nc3ccccc3N2C(C)=O)cc1
C02257646,decoy,,455.6,3.27,ok,COc1ccc([C@H]2C3=C([NH+]=C4N=C(SC)NN42)c2ccccc2O[C@@H]3c2ccccc2)cc1
C04785858,decoy,,356.4,2.11,ok,NC(=O)N/N=C/c1c[nH]c2ccc3c(c12)S(=O)(=O)c1ccccc1O3
C38897651,decoy,,416.3,4.02,ok,Oc1ccc2ccccc2c1/C=N/N1C(=S)[NH+]=N[C@@H]1c1ccc(Cl)cc1Cl
C05009394,decoy,,361.4,1.86,ok,CCC(=O)Nc1ccc(NC(=O)CSc2nc(=O)c(C)n[nH]2)cc1C
C27993350,decoy,,426.0,4.55,ok,Cc1cc(C)c2c(C)c(C(=O)NC[C@H](c3ccccc3Cl)[NH+]3CCCCC3)oc2c1
C05483629,decoy,,408.5,2.83,ok,Cc1ccc(-n2ccc(=O)c(C(=O)Nc3sc4c(c3C(N)=O)CCCC4)n2)cc1
C20613830,decoy,,496.6,3.45,ok,Cc1ccc([C@H]2C[C@H](C(F)(F)F)n3nc(C(=O)NNC(=S)NC[C@@H]4CCCO4)cc3N2)cc1C
C21689048,decoy,,382.4,3.76,ok,Cc1ccc2c(CC(=O)O[C@H](C)C(=O)Nc3ccc([N+](=O)[O-])cc3)coc2c1
C65656805,decoy,,368.8,3.40,ok,O=C(c1cc2ccccc2c(=O)[nH]1)N1CCO[C@@H](c2ccc(Cl)cc2)C1
C10860989,decoy,,447.5,3.99,ok,C[C@H](OC(=O)c1c2c(nc3ccccc13)/C(=C/c1ccc(F)cc1)CCC2)C(=O)NC(N)=O
C09716108,decoy,,438.6,4.56,ok,CCC(C)(C)c1ccc(Oc2ccc(NC(=O)CSc3nc(N)cc(=O)[nH]3)cc2)cc1
C59412195,decoy,,463.6,4.07,ok,CC(C)(C)c1ccc2cc(C(=O)NCc3ccccc3OCC(=O)NC[C@H]3CCCO3)[nH]c2c1
C01181657,decoy,,367.9,4.34,ok,COc1cc(NC(=O)c2ccc(SC)cc2OC)c(OC)cc1Cl
C00708291,decoy,,363.2,3.10,ok,[H]/N=C1\SC(N)=C(C#N)[C@H](c2cc(Br)ccc2OC)[C@H]1C#N
C13112496,decoy,,434.0,4.57,ok,CCOC(=O)C1=C(C)Nc2[nH]c(SCC(C)C)nc(=O)c2[C@H]1c1ccc(Cl)cc1
C58504300,decoy,,307.4,3.58,ok,COC(=O)c1c(CC(C)C)csc1NC(=O)c1ccoc1
C39675828,decoy,,529.7,1.29,ok,C[NH+](C)[C@@H](CNC(=O)[C@H]1CN(C(=O)c2cccnc2Oc2ccccc2)CC12CC[NH2+]CC2)c1ccccc1
C40816128,decoy,,343.8,3.91,ok,C[C@H]1c2cc(O)c(O)cc2CCN1C(=O)/C=C/c1ccc(Cl)cc1
C35045522,decoy,,320.2,3.58,ok,Clc1cccc(Cl)c1CNc1cccc(-n2cnnn2)c1
C39464304,decoy,,436.4,3.94,ok,COc1cc2c(cc1Cc1ccccc1)[C@H]1CO[P@](=O)(c3ccccc3O)NN1CC2
C04221712,decoy,,524.7,0.76,ok,Cc1cc(C(=O)N2CC[C@H](NS(=O)(=O)c3cccs3)C[C@H]2C(=O)N[C@H](CC(C)C)C(N)=O)n(C)n1
C44317404,decoy,,337.2,2.96,ok,CNC(=O)c1cccc(NC(=O)c2ccc(Br)o2)c1C
C06396213,decoy,,414.6,5.74,ok,CCC(C)(C)[C@H]1CCc2c(sc3c2C(O)=N[C@H](c2ccc(OC)c(OC)c2)N3)C1
C02749260,decoy,,355.3,3.13,ok,Cc1cc(NC(=O)c2cc3n(n2)[C@@H](C(F)(F)F)C[C@@H](C2CC2)N3)no1
C39461210,decoy,,412.9,4.11,ok,CCOc1cccc(C[NH+]2CCC[C@@H]([C@H]3N=NC=C3c3ccc(Cl)cc3)C2)c1O
C29038010,decoy,,455.6,3.28,ok,CC(C)COC(=O)N1CC2(CC2)C[C@H](C(=O)NO)[C@H]1C(=O)N1C=C[C@H](c2ccccc2)CC1
C50212826,decoy,,323.8,3.49,ok,N/C(=N/O)c1ccc(Sc2ccccc2Cl)c([N+](=O)[O-])c1
C05415001,decoy,,358.5,3.23,ok,Cc1ccc(NC(=O)C[C@H]2S/C(=N/N=C3CCCCC3)NC2=O)cc1
C42937455,decoy,,395.5,3.96,ok,NC(=O)N[C@H](CC(=O)NCc1ccsc1)c1cccc(Oc2ccccc2)c1
C07986473,decoy,,427.6,3.40,ok,Cc1ccc(C(=O)N[C@@H](C(=O)NNC(=O)c2cc3c(s2)CC[C@@H](C)C3)C(C)C)cc1
C64517341,decoy,,352.5,3.45,ok,CCCC1=C[C@H]([C@H]2CCCN2C[C@@H]2C=NN=C2c2ccc(C)cc2)NO1
C56952856,decoy,,491.0,3.11,ok,Cn1c(=O)[nH]c(=O)c2c1nc(N1CCN(Cc3ccc(Cl)cc3)CC1)n2C/C=C/c1ccccc1
C06623935,decoy,,359.4,3.18,ok,CCC(=O)N1CCc2c([nH]c3ccccc23)[C@]12C(=O)N(C)c1ccccc12
C67103660,decoy,,387.5,2.95,ok,Cn1ccnc1[C@H](NC(=O)NNC(=O)CC1CCCCC1)c1ccc(F)cc1
C58361369,decoy,,465.5,3.63,ok,CC(=O)Nc1cc2ccccc2cc1C(=O)O[C@@H](C)C(=O)Nc1sc2c(c1C(N)=O)CCC2
C48462300,decoy,,257.3,3.70,ok,Cc1ccc(C)c(C(=O)N[C@@H](C)c2ccc(C)o2)c1
C59517912,decoy,,355.4,3.59,ok,CCC1=NN(C(=S)c2ccccc2)[C@@](O)(c2ccc([N+](=O)[O-])cc2)C1
C40366395,decoy,,271.4,2.46,ok,CC(C)NC(=O)NC1(C(N)=S)CCCCCCC1
C05182554,decoy,,393.5,3.96,ok,Cc1ccc(NC(=O)c2c(C)oc3ccc(O)c(C[NH+]4CCCC[C@@H]4C)c23)cc1
C08546885,decoy,,382.8,2.02,ok,NC(=O)c1ccsc1NC(=O)COC(=O)c1cc(Cl)c2c(c1)OCO2
C40916561,decoy,,430.3,3.94,ok,CC1=C(C(N)=O)[C@@H](c2ccccc2OCc2ccc(Cl)cc2Cl)n2ncnc2N1
C42316037,decoy,,398.5,2.81,ok,CCC(=O)Nc1ccc([C@H](C)NC(=O)NNC(=O)COc2cccc(C)c2)cc1
C10468025,decoy,,355.4,3.01,ok,CCOc1cc2c(cc1NC(=O)c1cccc(NC(C)=O)n1)O[C@H](C)C2
C07884590,decoy,,360.4,3.91,ok,O=C1c2ccccc2N[C@@H](c2cccc(O)c2O)N1CCc1ccccc1
C38759989,decoy,,417.5,4.10,ok,COc1ccccc1OC1=CN=[NH+][C@H]1c1ccc(OCc2cc(C)ccc2C)cc1O
C40544722,decoy,,352.6,3.08,ok,O=C([O-])CCCCCNC(=O)Nc1c(Cl)cc(Cl)cc1Cl
C18951478,decoy,,466.6,3.57,ok,Cc1ccc(SCC(=O)N(CC(C)C)c2c(N)n(Cc3ccccc3)c(=O)[nH]c2=O)cc1C
C05551026,decoy,,405.5,4.73,ok,COc1cccc([C@H]2c3cc4c(cc3O[C@H](Nc3ccccc3)[C@@H]2C)OCO4)c1O
C66818277,decoy,,341.8,1.79,ok,CNS(=O)(=O)c1cccc([C@@H](C)Nc2cc(Cl)nc(N)n2)c1
C67019253,decoy,,353.4,3.08,ok,N#Cc1c(NC(=O)c2cccc3c2OCC(=O)N3)sc2c1CCCC2
C41301387,decoy,,361.4,3.03,ok,CC[C@H](C)Nc1nc(N)c([N+](=O)[O-])c(Nc2onc3c2C[C@H](C)CC3)n1
C33939930,decoy,,499.0,3.23,ok,Cc1cc(NC(=O)[C@@H]2[C@@H]3C(=O)N(c4ccccc4Cl)[C@H](C(=O)NC(C)(C)C)[C@@]34C=C[C@]2(C)O4)no1
C09396715,decoy,,461.0,1.56,ok,COC[C@H](C)NC(=S)NNC(=O)c1ccc(Cl)c(S(=O)(=O)NCc2ccco2)c1
C28304907,decoy,,366.4,3.90,ok,Cc1nc2cc(NC(=O)c3cc([N+](=O)[O-])ccc3N3CCCC3)ccc2o1
C53627422,decoy,,464.9,4.28,ok,C[C@H]1c2cc3c(-c4ccc(Cl)cc4)coc3cc2OC(=O)[C@H]1CC(=O)NCCc1c[nH+]c[nH]1
C47128756,decoy,,394.5,3.82,ok,CCN(CC)C(=O)Nc1ccc([C@@H](C)NC(=O)NNc2cccc(C#N)c2)cc1
C37759238,decoy,,267.3,3.63,ok,CC(C)(C)c1ccccc1Oc1ncc(N)cc1C#N
C65529571,decoy,,348.5,1.82,ok,Cc1cc(NC(=O)N(C)C2CC[NH+](C3CCC(C)CC3)CC2)n(C)n1
C40388626,decoy,,443.9,3.28,ok,Cc1ccc(NC(=O)[C@@H]2CC(=O)Nc3nc(N4C[C@H](C)C[C@H](C)C4)[nH]c(=O)c32)cc1Cl
C01051516,decoy,,353.2,3.20,ok,CCOC(=O)C1=C(CCl)OC(N)=C(C#N)[C@@H]1c1ccc(Cl)cc1
C66664468,decoy,,383.5,3.58,ok,CN1CC(=O)Nc2cc(C(=O)Nc3cc(C(C)(C)C)nn3C(C)(C)C)ccc21
C18190365,decoy,,339.4,2.84,ok,CC1(C)CC(=O)C2=C(C1)Nc1ncnn1[C@H]2c1cccc([N+](=O)[O-])c1
C08928019,decoy,,468.6,3.35,ok,CCOc1cc([C@H]2N=C(O)c3c(sc4c3CC[NH+](CC)C4)N2)ccc1OC(=O)c1ccco1
C35599460,decoy,,278.8,0.97,ok,CC(C)(CO)NS(=O)(=O)c1ccc(Cl)c(N)c1
C45790593,decoy,,356.5,2.16,ok,CC(C)[NH+](C)Cc1ccccc1CNC(=O)N(C)Cc1ccccc1O
C08922416,decoy,,341.4,1.92,ok,Nc1nc(N)nc(SCc2cc(=O)oc3cc4c(cc23)CCC4)n1
C14458982,decoy,,352.4,4.44,ok,COc1cc([C@H]2Nc3c(ccc([N+](=O)[O-])c3C)[C@H]3C=CC[C@H]32)ccc1O
C64592277,decoy,,363.4,3.07,ok,CN1CCCc2cc(NC(=O)C(=O)NCc3cc4ccccc4o3)ccc21
C43553771,decoy,,476.6,3.30,ok,C=CCNC(=O)O[C@@H]1CC[C@@]2(C)[C@@H](CC[C@@H](O)[C@H]2CC(=O)NCc2ccc(F)cc2)[C@]1(C)CO
C03026687,decoy,,341.8,2.87,ok,CN(C)c1ccc(/C=C2\C(=O)NN(c3ccc(Cl)cc3)C2=O)cc1
C52627254,decoy,,520.5,5.41,ok,CC(C)(C)c1ccc(N2c3ncccc3[C@H](Oc3ccc(C4=NC=C(C(F)(F)F)C4)cc3)[C@H]2C(=O)[O-])cc1
C49630636,decoy,,337.3,2.75,ok,Cc1ccc(Cl)c([N-]S(=O)(=O)C[C@@H]2CCCC[NH2+]2)c1Cl
C62197886,decoy,,357.5,2.99,ok,O=C1CCc2cc(NC(=O)C(=O)NCCCC3CCCCC3)ccc2N1
C43763806,decoy,,378.5,0.75,ok,C[C@@]12CCC(=O)C=C1[C@H](O)C[C@@H]1[C@@H]2[C@H](O)C[C@]2(C)[C@@H]1CC[C@@]2(O)C(=O)CO
C39000544,decoy,,455.4,1.54,ok,CC(=O)N[C@]1(C(F)(F)F)C(=O)N[C@H]2C1=C(O)NC(=O)N2CCc1c[nH]c2ccc(F)cc12
C27794555,decoy,,338.4,4.72,ok,Cc1ccc2c(C)c(C(=O)Nc3onc4c3C[C@H](C)CC4)oc2c1C
C40166587,decoy,,391.5,2.78,ok,Nc1ccc(Oc2ccc(NC(=S)NC[C@H]3CCS(=O)(=O)C3)cc2)cc1
C12499608,decoy,,391.5,2.97,ok,Cc1ccc(C)c(OCC(=O)NC(=S)Nc2sc(C)c(C)c2C(N)=O)c1
C14882914,decoy,,475.6,2.68,ok,COC(=O)c1ccc(C[NH+]2CCC3(CC2)c2ccccc2[C@@H](NC(=O)c2ccco2)[C@@H]3OC)cc1
C06725086,decoy,,393.5,3.82,ok,C[C@H]1[C@@H](NC(=O)[C@]2(O)c3ccccc3NC(=O)N2c2ccccc2)CCC[C@@H]1C
C00752468,decoy,,387.4,3.80,ok,N#CC1=C(N)OC2=C(C(=O)C[C@H](c3ccccc3)C2)[C@@H]1c1ccc([N+](=O)[O-])cc1
C13572080,decoy,,437.5,4.66,ok,Cc1ccc([C@H]2C3=C(CC(C)(C)CC3=O)Oc3ncn4nc(-c5ccncc5)nc4c32)cc1
C36813013,decoy,,343.2,3.92,ok,Cc1ccc(CNc2c(N)c[nH+]c3ccc(Br)cc23)cc1
C06846323,decoy,,421.5,4.12,ok,CC[C@@H]1CN(C(=O)N2CCC(C(=O)NCc3ccc(C)cc3)CC2)c2ccccc2O1
C12643544,decoy,,322.4,2.96,ok,O[C@H]1c2ccccc2C[C@H]1Sc1nnc2[nH]c3ccccc3n12
C07805172,decoy,,414.5,4.72,ok,Cc1ccc(C(C)C)c(OCC(=O)O[C@@H](C)c2nc3sc(C)c(C)c3c(=O)[nH]2)c1
C32434073,decoy,,339.8,2.74,ok,Cc1ccc(S(=O)(=O)N[C@H]2CCCc3c2cnn3C)cc1Cl
C46889960,decoy,,362.5,1.75,ok,CN(C[C@H]1COc2ccccc2O1)C(=O)NC1CC(C)(C)[NH2+]C(C)(C)C1
C48704654,decoy,,385.4,2.05,ok,CCc1ccc(NC(=O)C(=O)NC[C@@H]2COc3ccccc3O2)cc1[N+](=O)[O-]
C30554253,decoy,,335.8,3.14,ok,COC(=O)c1c(C)[nH]c(C(=O)NNc2ccc(C)c(Cl)c2)c1C
C56934499,decoy,,373.5,0.95,ok,CN(Cc1cccc(C(N)=O)c1)C(=O)NC[C@@H](c1ccc(F)cc1)[NH+](C)C
C50376069,decoy,,285.4,0.82,ok,CO[C@H]1CCC[C@H]1NS(=O)(=O)c1ccccc1NN
C66523641,decoy,,356.4,4.39,ok,CC[C@H](NC(=O)/C=C/c1cccc2cccnc12)c1nc2ccccc2[nH]1
C18115354,decoy,,422.9,4.18,ok,COc1ccc([C@@H]2C(C#N)=C(N)Oc3[nH]nc(C)c32)cc1COc1ccccc1Cl
C02778930,decoy,,413.5,3.52,ok,CCn1nccc1C(=O)Nn1c(C)nc2sc3c(c2c1=O)CC[C@H](C(C)(C)C)C3
C57343973,decoy,,321.3,2.97,ok,O=c1[nH]nc2cc(-c3ccccc3)nc(Nc3ccccc3F)n12
C38547736,decoy,,424.6,5.60,ok,Cc1cc[nH+]c(N[C@@H](c2ccsc2)c2c(NC(=O)c3ccco3)sc(C)c2C)c1
C40383659,decoy,,347.4,2.14,ok,O=C(C[C@@H]1C(=O)Nc2nc(-c3ccccc3)nn21)NCc1ccccc1
C09647428,decoy,,389.5,3.89,ok,Cc1nc(NCCCc2n[nH]c(N)c2C#N)c2c(-c3ccccc3)csc2n1
C38549564,decoy,,354.8,3.76,ok,C/C(=N\NC(=O)[C@H]1C=C(c2ccc(Cl)cc2)N=N1)c1ccccc1O
C66584931,decoy,,398.2,3.69,ok,NC(=O)c1ccc([N-]S(=O)(=O)/C=C/c2ccc(Br)cc2)cc1F
C22758923,decoy,,421.4,4.48,ok,O=S(=O)([N-]c1ccc(F)c(-c2nnc3n2CCCCC3)c1)c1cc(F)cc(F)c1
C67624517,decoy,,375.5,0.49,ok,CC1CC[NH+](C[C@H](O)CNC(=O)NC[C@H]2CCN(c3ccccc3)C2)CC1
C12129918,decoy,,359.4,3.03,ok,O=[N+]([O-])c1ccc(/[NH+]=c2\cc(-c3ccccc3)oc3ccc(O)cc23)cc1
C01898640,decoy,,450.5,3.07,ok,Nc1c(S(=O)(=O)c2cccs2)c2[nH+]c3ccccc3nc2n1/N=C/c1cccc(O)c1
C39765127,decoy,,453.5,4.05,ok,Cc1ccc(CSC2=NC(=O)[C@@H]3C(=N2)N=C2CCCC([O-])=C2[C@@H]3c2ccc(C#N)cc2)cc1
C12531474,decoy,,478.7,2.69,ok,CC1(C)C[C@H]([NH2+]CC2CCCCC2)[C@@]2(CCC(=O)NCCN3CCOCC3)CC[C@](C)(O)C[C@@H]12
C14132374,decoy,,357.4,3.30,ok,Cc1ccc(-n2cnnc2S[C@@H](C)C(=O)Nc2cc(C)no2)c(C)c1
C32072020,decoy,,424.5,4.56,ok,C#CCN1C(=O)[C@@]2(CC(O)=Nc3c2cnn3-c2ccccc2C)c2cc(C(C)C)ccc21
C37139597,decoy,,261.4,3.49,ok,COC(C)(C)C[C@@H](C)Nc1ccc2nc(C)[nH]c2c1
C58896775,decoy,,363.5,0.86,ok,C[NH+](C)[C@H](CNC(=O)Nc1ccccc1SCC(N)=O)c1ccco1
C09086295,decoy,,422.9,4.01,ok,COCc1[nH]nc2c1[C@H](c1ccccc1OCc1ccccc1Cl)C(C#N)=C(N)O2
C19420750,decoy,,424.5,3.95,ok,Cc1ccc(-n2c(SCC(=O)c3ccc(O)cc3O)nnc2N2CCCCC2)cc1
C37995925,decoy,,268.3,3.56,ok,Cc1ccc([C@H](C)NC(=O)c2cccc3[nH]ccc23)o1
C14531482,decoy,,454.6,3.39,ok,CC(C)CCc1[nH+]c([C@@H]2CCOC2)n2c1CN(C(=O)CCc1nc3ccc(F)cc3[nH]1)CC2
C54683242,decoy,,318.8,3.56,ok,CN1C(=O)c2ccc(Cl)cc2N[C@@H]1c1c[nH]nc1C(C)(C)C
C01249156,decoy,,338.4,4.06,ok,CCc1ccc(/C=N/n2c(-c3ccc(OC)cc3)n[nH]c2=S)cc1
C09167054,decoy,,400.5,2.81,ok,Cc1cc(C(=O)CSc2nc(N)nc(N)n2)c(C)n1CCc1ccc(F)cc1
C09360824,decoy,,518.0,4.56,ok,C[C@@H]1Cc2cc(C(=O)C3=C([O-])C(=O)N(c4nc5ccc(Cl)cc5s4)[C@@H]3c3ccc(O)cc3)ccc2O1
C01222994,decoy,,451.5,4.94,ok,CCOC(=O)c1c(NC(=O)c2cccc(N)c2)sc(C(=O)Nc2cc(C)ccc2C)c1C
C52459978,decoy,,349.5,2.06,ok,CCCNC(=O)[C@@H](C)Sc1nnc(-c2ccccc2OCC)n1N
C15730329,decoy,,368.5,3.51,ok,C[C@@H]1CC(=O)Nc2cc(S(=O)(=O)NC3CCCCCC3)ccc2S1
C05002565,decoy,,370.4,4.54,ok,C/C(=N/Nc1nc(-c2ccccc2O)nc2ccccc12)c1ccccc1O
C39671519,decoy,,470.0,2.69,ok,O=C(NCc1cc2ccccc2[nH]1)[C@H]1CN(C(=O)c2cc(Cl)ccc2F)CC12CC[NH2+]CC2
C35007512,decoy,,341.5,3.95,ok,CCCC(=O)N(C1CCCCC1)[C@@H](C)c1nc2ccccc2c(=O)[nH]1
C65259096,decoy,,442.5,3.70,ok,Cc1ccc(CNS(=O)(=O)c2cc([C@@H]3N=NC=C3C(=O)N3CCCC3)oc2C)cc1C
C08226522,decoy,,304.4,3.37,ok,Cc1cc2oc(=O)cc(CS/C(N)=N/C(C)C)c2cc1C
C12499441,decoy,,413.5,3.51,ok,Cc1sc(NC(=S)NC(=O)COc2cccc3ccccc23)c(C(N)=O)c1C
C37381162,decoy,,369.3,4.29,ok,C[C@@H](Sc1ccccc1Br)C(=O)Nc1ccc(F)c(N)c1
C39550987,decoy,,407.5,3.54,ok,CC(=O)C1=C[C@H](C(=O)N[C@H]2CCC[C@@H]3C2=CNN3c2ccc(C(C)(C)C)cc2)N=N1
C00875041,decoy,,545.7,4.70,ok,COc1ccc(CCNC(=S)N(Cc2ccc3c(c2)OCO3)Cc2cc3cc(C)ccc3[nH]c2=O)cc1OC
C22429208,decoy,,444.5,1.77,ok,C[C@@]1(c2ccc3c(c2)OCCCO3)NC(=O)N(CC(=O)NC(=O)NC2CCCCC2)C1=O
C43253784,decoy,,330.9,2.05,ok,CC[C@H]([NH3+])[C@H](c1ccc(Cl)s1)N1C[C@H](C(N)=O)CC[C@@H]1C
C59447152,decoy,,411.4,2.93,ok,Cc1ccc(NC(=O)C[NH2+]CCCNc2ccc(C(F)(F)F)cc2[N+](=O)[O-])cc1
C36597650,decoy,,442.6,4.51,ok,CCCCNC(=O)[C@@H](C1CCCCC1)N(Cc1ccc(C)o1)C(=O)c1cccc(O)c1O
C04870382,decoy,,341.1,3.92,ok,O=C(COc1cccc(Cl)c1Cl)Nc1cccc([N+](=O)[O-])c1
C45555403,decoy,,455.6,3.40,ok,C[C@@H]1CCc2c(sc3nc(SCC(=O)N(CCC(N)=O)c4ccccc4)nc(N)c23)C1
C50039415,decoy,,322.2,4.54,ok,Cc1ccoc1-c1nn(C)c(N)c1-c1ccc(Cl)c(Cl)c1
C02685333,decoy,,426.5,4.23,ok,Cc1ccc(S(=O)(=O)Nc2cc(Sc3ncn[nH]3)c(O)c3ccccc23)c(C)c1
C59792139,decoy,,392.4,4.21,ok,C=CCn1c(SCc2nc3ccccc3[nH]2)nnc1-c1ccc([N+](=O)[O-])cc1
C36576411,decoy,,476.6,2.52,ok,C=C(C)C(=O)N(CCC)[C@H](C(=O)NCS(=O)(=O)c1ccc(C)cc1)c1c(O)cc(O)cc1O
C40779991,decoy,,337.2,3.17,ok,CC[C@@H](C)Nc1ncnc(Nc2ccc(Br)cn2)c1N
C06122375,decoy,,407.9,4.18,ok,CC[C@H]1CCc2c(sc(NC(=O)c3ccc(Cl)cc3[N+](=O)[O-])c2C(N)=O)C1
C36560520,decoy,,406.5,3.58,ok,CCCN(C(=O)C1CCCCC1)[C@@H](C(=O)NC(C)(C)C)c1c(O)cc(O)cc1O
C06910145,decoy,,353.5,3.32,ok,CC1(C)CC(=O)C2=C(C1)Nc1[nH]c(=S)nc(N)c1[C@H]2c1cccnc1
C21176900,decoy,,468.6,3.94,ok,COc1ccc(-c2nnc(S[C@H](C)c3nc4sc5c(c4c(=O)[nH]3)CC[C@@H](C)C5)n2N)cc1
C03415934,decoy,,458.5,3.17,ok,Cc1ccc(Sc2ccc(NC(=O)Cn3nc(C(=O)[O-])c4ccccc4c3=O)cc2)c(C)c1
C43668515,decoy,,320.2,3.89,ok,Cc1nn([C@@H](C)c2cc3ccccc3o2)c(N)c1Br
C19124361,decoy,,466.0,3.03,ok,COCCNC(=O)c1c(NC(=O)COC(=O)c2ccc(Cl)cc2N)sc2c1CCCC2
C36813144,decoy,,344.2,3.57,ok,C[C@H](Nc1c(N)c[nH+]c2ccc(Br)cc12)c1cccnc1
C66107526,decoy,,458.5,4.11,ok,O=C(CNc1cccc(NC(=O)c2ccco2)c1)Nc1ccc(C(=O)NCc2ccco2)cc1
C31169798,decoy,,370.4,3.33,ok,COc1c(CC=C(C)C)c(O)cc2c1[C@]1(O)COc3cc(O)ccc3[C@H]1O2
C34954412,decoy,,517.6,4.74,ok,CCOc1cc([C@@H]2C(C(=O)c3cc(C)ccc3C)=C([O-])C(=O)N2c2nc3ccc(F)cc3s2)ccc1O
C16495948,decoy,,461.7,3.85,ok,CC[C@@H](C)NC(=O)[C@H]1CSC2(CCN(C(=O)Nc3c(C(C)C)cccc3C(C)C)CC2)[NH2+]1
C19458494,decoy,,414.9,4.74,ok,CC(=O)NC12C[C@H]3C[C@@H](C1)CC(C(=O)N[C@@H](C)c1cc4cc(Cl)ccc4o1)(C3)C2
C16286413,decoy,,446.4,4.45,ok,CSc1nc2c(c(=O)[nH]1)[C@@H](c1cccc(Br)c1)C1=C(CC(C)(C)CC1=O)N2
C16795955,decoy,,301.3,3.39,ok,Cc1ccc(NC(=O)[C@H](C)OC(=O)c2ccc(C)o2)c(C)c1
C40322147,decoy,,303.8,3.34,ok,C[C@@H](c1ccc(Cl)cc1)N(C)C(=O)c1cc(N)cc(N)c1
C39357942,decoy,,407.9,2.75,ok,Clc1ccc(C2=NN=C[C@H]2C[NH2+][C@H]2CCC[C@H]3[C@H]2C=NN3c2ccccn2)cc1
C04011028,decoy,,348.8,3.70,ok,CC1=C(C(=O)O[C@@H]2CCC[C@H]2C)[C@@H](c2ccc(Cl)cc2)NC(=O)N1
C39445505,decoy,,356.5,0.73,ok,CC1=C(CNC(=O)[C@H]2C=C(C[NH+](C)Cc3ccccc3)ON2)[C@@H](C)N=N1
C18198759,decoy,,515.0,5.22,ok,Cc1nn(-c2ccccc2C(=O)[O-])c2c1[C@@H](c1ccc(Cl)cc1)C1=C(C[C@H](c3cccs3)CC1=O)N2
C36570925,decoy,,426.5,3.85,ok,CCCN(C(=O)c1c(O)cccc1O)[C@@H](C(=O)NC1CCCCC1)c1cccc(O)c1
C38670395,decoy,,420.6,3.52,ok,CN1CCCc2cc([C@H](CNC(=O)c3ccc(C(C)(C)C)cc3)[NH+]3CCCC3)ccc21
C61323942,decoy,,358.2,1.00,ok,Cc1cnc(CNS(=O)(=O)c2cc(Br)cnc2N)cn1
C13719193,decoy,,350.5,3.94,ok,CC(C)Cc1cc(-c2nnc3sc(/C=C/c4ccccc4)nn23)[nH]n1
C41013895,decoy,,280.4,1.09,ok,Cc1cc(N)cc(S(=O)(=O)NCc2cc[nH]n2)c1C
C17191854,decoy,,416.9,3.60,ok,Cc1cccc(C)c1NC(=O)/C(=N\NC(N)=S)[C@H](C)C(=O)c1ccc(Cl)cc1
C12887287,decoy,,472.6,3.69,ok,CCCNC(=O)[C@@H](NC(=O)[C@@H]1Cc2c([nH]c3ccccc23)[C@H]2c3ccccc3C(=O)N21)[C@@H](C)CC
C64874191,decoy,,442.5,4.86,ok,CCOc1ccc([C@H]2C3=C(CCCC3=O)Nc3c(C(=O)Nc4ccc(C)cc4)cnn32)cc1
C28367534,decoy,,377.4,4.43,ok,C[C@@H](Nc1ccc2c(c1)OC1(CCCCC1)O2)C(=O)Nc1ccccc1C#N
C01438069,decoy,,420.3,3.53,ok,CC(C)(C)c1n[nH]c2c1[C@H](c1cccc(I)c1)C(C#N)=C(N)O2
C46793111,decoy,,366.4,3.14,ok,Cc1cc2cc(NC(=O)[C@@H](C)NC(=O)c3cccc([N+](=O)[O-])c3)ccc2[nH]1
C61053139,decoy,,335.0,3.92,ok,Nc1c(Cl)ncnc1Oc1ccc(Br)cc1Cl
C36142396,decoy,,269.7,2.23,ok,COC(=O)[C@]1(N)CC(C)(C)Oc2c(Cl)cccc21
C36092869,decoy,,428.6,3.88,ok,COc1ccc2[nH]c3c(=O)n(CCC(=O)N[C@@H]4CCC[C@H](C)[C@H]4C)c(=S)[nH]c3c2c1
C04547792,decoy,,318.3,4.40,ok,O=C(/C=C/c1cccc2ccccc12)Nc1ccccc1[N+](=O)[O-]
C03308546,decoy,,478.6,3.27,ok,Cc1c(NC(=S)NNC(=S)Nc2ccc(OC(F)F)cc2)c(=O)n(-c2ccccc2)n1C
C33306452,decoy,,461.5,3.75,ok,CC(=O)Nc1c(C)noc1/C=C/c1ccc(S(=O)(=O)Nc2ccc3c(c2)OCCO3)s1
C22574480,decoy,,463.6,5.04,ok,COC(=O)c1c([N-]S(=O)(=O)c2ccc(NC(C)=O)cc2)sc2c1CC[C@@H](C(C)(C)C)C2
C22683989,decoy,,396.6,2.66,ok,CCc1ccc([C@@H](CNC(=O)c2[nH]c3c(c2C)C(=O)CC(C)(C)C3)[NH+](C)C)cc1
C32094914,decoy,,347.8,3.84,ok,O=C1Cc2cc([N-]S(=O)(=O)/C=C/c3ccccc3)c(Cl)cc2N1
C40569172,decoy,,339.4,2.70,ok,CCCc1cc2c(c(=O)n1C)[C@H](c1ccc(F)cc1)C(C#N)=C(N)O2
C37129576,decoy,,330.9,3.69,ok,Cc1cc(NCc2ccc(Cl)s2)ccc1NS(C)(=O)=O
C40736608,decoy,,359.2,1.81,ok,N#CCN(CC#N)c1ncnc(Nc2ccc(Br)cn2)c1N
C57716890,decoy,,395.8,3.13,ok,CN1C(=O)c2ccc(NC(=O)COc3ccc(Cl)c4cccnc34)cc2C1=O
C40314942,decoy,,320.8,2.87,ok,CC[C@H]1CCCN(S(=O)(=O)c2cc(N)c(F)cc2Cl)C1
C36993217,decoy,,322.8,4.30,ok,CC[C@H](Nc1cc2c(cc1Cl)NC(=O)CO2)c1cccs1
C03299497,decoy,,446.3,3.59,ok,C=C1NC(=O)N[C@@H](c2cc(Br)ccc2OC)[C@@H]1C(=O)Nc1ccccc1OC
C12607666,decoy,,463.6,2.92,ok,CCCCn1c(N)c(N(CC(C)C)C(=O)CCC(=O)NC2CCCCCCC2)c(=O)[nH]c1=O
C19940536,decoy,,518.7,0.62,ok,CC[NH+](CC)CCCNC(=S)N(CCN1CCOCC1)Cc1cc2cc3c(cc2[nH]c1=O)OCCO3
C08686847,decoy,,466.5,3.87,ok,C[C@@H](OC(=O)c1ccccc1[N-]S(=O)(=O)c1cccc(N)c1)C(=O)N(C)Cc1ccccc1
C50361616,decoy,,389.1,3.61,ok,CCN(c1ccccc1)[C@H](C[NH3+])c1cc(Br)c(Br)o1
C42026440,decoy,,272.4,2.26,ok,C[C@H]1CCCC[C@H]1n1nnnc1-c1ccc(N)cc1N
C40084352,decoy,,473.3,2.92,ok,Cc1cc(OC(C)C)ccc1C(=O)C1=C([O-])C(=O)N(CCO)[C@H]1c1cccc(Br)c1
C15208118,decoy,,366.5,3.52,ok,Cc1nc(N2CCN(c3ccccc3O)CC2)c2c3c(sc2n1)CCC3
C55396461,decoy,,365.4,1.79,ok,Cc1nn(C)c2ncc(NC(=O)/C=C/c3ccc(OCC(N)=O)cc3)cc12
C00257425,decoy,,334.2,2.62,ok,Cc1ccc(O)c(/C=N/NC(=O)c2cncc(Br)c2)c1
C21040731,decoy,,410.4,3.03,ok,O=[N+]([O-])c1ccc2nc(CSc3n[nH]c(N/N=C/c4ccccc4O)n3)[nH]c2c1
C65882880,decoy,,331.4,2.03,ok,C[C@@H](NC(N)=O)C(=O)Nc1ccc(-c2noc(C(C)(C)C)n2)cc1
C38756781,decoy,,347.4,1.88,ok,O=C1CN(S(=O)(=O)Cc2cccc([N+](=O)[O-])c2)c2ccccc2N1
C03897722,decoy,,314.7,4.78,ok,Nc1cc(Oc2ccc3ccccc3c2)c(Cl)cc1[N+](=O)[O-]
C40983303,decoy,,412.6,4.98,ok,CCCCSc1nc2n(n1)[C@H](c1ccccc1OCCC)C1=C(CCCC1=O)N2
C58175706,decoy,,338.8,3.83,ok,COc1cc(Cl)c(C)cc1NC(=O)N1CCO[C@H]2CCCC[C@H]21
C66714286,decoy,,330.4,2.23,ok,Cc1cc(C)nc(SCC(=O)Nc2ccc(C)c(C(N)=O)c2)n1
C17633563,decoy,,497.5,1.03,ok,Cc1nc2nc(N)nn2c(C)c1CC(=O)NNC(=O)c1ccc(Cn2nnc(-c3ccccc3)n2)cc1
C18599747,decoy,,460.6,4.04,ok,C[C@H](Sc1nc2scc(-c3ccc(F)cc3)c2c(=O)[nH]1)C(=O)NC(=O)NC1CCCC1
C14697658,decoy,,472.6,4.32,ok,Cc1cccc(C(=O)N(CCC2=CCCCC2)c2c(N)n(Cc3ccccc3)c(=O)[nH]c2=O)c1C
